query_id,predicted_pd_cf,pd_cf_lower_90,pd_cf_upper_90
q00000,0.20400850530487682,0.11822264912849065,0.28979436148126303
q00001,0.15276180346954848,0.10034230448272258,0.2051813024563744
q00002,0.20400850530487682,0.11822264912849065,0.28979436148126303
q00003,0.7893077780139048,0.6825364676852286,0.8960790883425811
q00004,0.8470254294159815,0.8029695414317881,0.8910813174001748
q00005,0.769363495374928,0.7221755374898403,0.8165514532600157
q00006,0.20874725629733204,0.1478190933160895,0.2696754192785746
q00007,0.2974888314085058,0.17565003272651392,0.41932763009049767
q00008,0.27743712622179073,0.24333283472942427,0.3115414177141572
q00009,0.09824662306186341,0.0738862748263146,0.12260697129741222
q00010,0.10743349181281393,0.08307314357726514,0.13179384004836273
q00011,0.10743349181281393,0.08307314357726514,0.13179384004836273
q00012,0.22869651122963058,0.17558537471882085,0.2818076477404403
q00013,0.2679807703307331,0.21387986475790544,0.32208167590356074
q00014,0.272313371904963,0.2371993974328107,0.30742734637711533
q00015,0.07138763951681056,0.05192355698758678,0.09085172204603434
q00016,0.10633184889096454,0.08197150065541575,0.13069219712651334
q00017,0.11499112909182821,0.08067812066681582,0.1493041375168406
q00018,0.3993963015572849,0.3620538168618578,0.436738786252712
q00019,0.39761793589003036,0.33574331708644334,0.4594925546936174
q00020,0.3668585830932221,0.31577320387679786,0.41794396230964637
q00021,0.15189102265965043,0.12450801982786461,0.17927402549143626
q00022,0.16885126565967654,0.1464749055911565,0.19122762572819657
q00023,0.09947294009110684,0.07511259185555805,0.12383328832665563
q00024,0.33333147826886694,0.2625698836187501,0.4040930729189838
q00025,0.3344576963333963,0.2840026250220662,0.3849127676447264
q00026,0.3443913461338063,0.2508322571704684,0.43795043509714415
q00027,0.08452087014470745,0.05861124295170107,0.11043049733771383
q00028,0.08452087014470745,0.05861124295170107,0.11043049733771383
q00029,0.08452087014470745,0.05861124295170107,0.11043049733771383
q00030,0.9126412998646259,0.836700706991359,0.9885818927378929
q00031,0.9061598183831445,0.8346671397123808,0.9776524970539082
q00032,0.91658471419016,0.880331262600101,0.952838165780219
q00033,0.16922877969911757,0.10832591161854646,0.23013164777968867
q00034,0.14269664042781977,0.11798037452166917,0.16741290633397038
q00035,0.16922877969911757,0.14518914643234904,0.1932684129658861
q00036,0.2771106759054702,0.2201686987620112,0.3340526530489292
q00037,0.26220082966838454,0.19413252833806616,0.3302691309987029
q00038,0.2728514359043155,0.21554196282121377,0.33016090898741723
q00039,0.05080567412882704,0.028610645632465598,0.07300070262518848
q00040,0.05080567412882704,0.028610645632465598,0.07300070262518848
q00041,0.05080567412882704,0.028610645632465598,0.07300070262518848
q00042,0.03903784556068224,0.016390741875872743,0.061684949245491734
q00043,0.03256805491093715,0.012289121406276207,0.052846988415598095
q00044,0.03677341883327146,0.0,0.0806752514608658
q00045,0.11803781299244526,0.07958348823030827,0.15649213775458226
q00046,0.14400231030614602,0.09948115984692377,0.18852346076536827
q00047,0.11019217932204775,0.08583183108649894,0.13455252755759656
q00048,0.5259938461825995,0.45387848816672555,0.5981092041984735
q00049,0.5404231822161594,0.4487909259495825,0.6320554384827363
q00050,0.5348911145198663,0.4668817285760224,0.6029005004637101
q00051,0.8756353384655086,0.7465425531914893,1.0
q00052,0.8756353384655086,0.7465425531914893,1.0
q00053,0.8756353384655086,0.7465425531914893,1.0
q00054,0.15657669315430367,0.12284599173068485,0.1903073945779225
q00055,0.24513268169600314,0.1787399885583524,0.31152537483365383
q00056,0.17081543643416114,0.11227550532465815,0.22935536754366415
q00057,0.27249351873342414,0.23942793899272286,0.30555909847412543
q00058,0.27249351873342414,0.23942793899272286,0.30555909847412543
q00059,0.27249351873342414,0.23942793899272286,0.30555909847412543
q00060,0.3040770609318996,0.2569623655913979,0.35119175627240135
q00061,0.5537589864616483,0.48918731090683004,0.6183306620164667
q00062,0.5618290560613232,0.5296210096910734,0.5940371024315729
q00063,0.10401184939596747,0.0758163608820064,0.13220733790992856
q00064,0.10446924520993056,0.06039693599469622,0.1485415544251649
q00065,0.16077406936859412,0.058867251011228194,0.26268088772596004
q00066,0.15401024192635404,0.11629764861580286,0.19172283523690523
q00067,0.1418191391813753,0.1185626138486395,0.16507566451411107
q00068,0.15337781712450071,0.09537010359025161,0.21138553065874982
q00069,0.39789146241187723,0.35105334538878846,0.444729579434966
q00070,0.47288933034244873,0.4179994239902196,0.5277792366946779
q00071,0.39789146241187723,0.35105334538878846,0.444729579434966
q00072,0.062443133472195635,0.017917064584530663,0.1069692023598606
q00073,0.08779231551649758,0.060931035867775235,0.11465359516521992
q00074,0.06346508440749812,0.04864718539475488,0.07828298342024137
q00075,0.6658806548907041,0.5438628062030089,0.7878985035783994
q00076,0.6465467187846161,0.5051949339908328,0.7878985035783994
q00077,0.5755450996449352,0.3733509658521853,0.777739233437685
q00078,0.49723944397311237,0.40285714285714286,0.5916217450890819
q00079,0.5191004305201976,0.4096753246753247,0.6285255363650706
q00080,0.49723944397311237,0.40285714285714286,0.5916217450890819
q00081,0.26234784407713074,0.20757301277157386,0.3171226753826876
q00082,0.25254568132641286,0.21659900725603543,0.2884923553967903
q00083,0.2652452855816136,0.20757301277157386,0.3229175583916533
q00084,0.09636766326341213,0.07200731502786334,0.12072801149896092
q00085,0.07186075850084664,0.05239667597162286,0.09132484103007041
q00086,0.07186075850084664,0.02086425386365673,0.12285726313803655
q00087,0.1253218514869973,0.0971731565210514,0.15347054645294317
q00088,0.1253218514869973,0.0971731565210514,0.15347054645294317
q00089,0.13172781147874818,0.09380804950091004,0.16964757345658632
q00090,0.08731095226575222,0.06784686973652845,0.10677503479497599
q00091,0.10164085495117779,0.077280506715629,0.12600120318672658
q00092,0.08731095226575222,0.005583477864652436,0.169038426666852
q00093,0.39677727751477754,0.296370615800038,0.4971839392295171
q00094,0.3073092953956798,0.23976896673120923,0.3748496240601504
q00095,0.39677727751477754,0.296370615800038,0.4971839392295171
q00096,0.1510361966360806,0.12160161134772718,0.180470781924434
q00097,0.14757754275930468,0.10855864043258964,0.18659644508601972
q00098,0.1547497431198016,0.07350870305736669,0.23599078318223654
q00099,0.10547702286739472,0.08111667463184591,0.12983737110294352
q00100,0.10327922066959251,0.07891887243404372,0.1276395689051413
q00101,0.09947294009110684,0.07511259185555805,0.12383328832665563
q00102,0.02868829818981513,0.0,0.10180531902552281
q00103,0.03515808883956022,0.011589867775349393,0.05872630990377104
q00104,0.02745635194746934,0.0,0.06538831250444355
q00105,0.06435404102641512,0.049536142013671874,0.07917194003915837
q00106,0.06435404102641512,0.021140247788646385,0.10756783426418386
q00107,0.06404290620979416,0.019966175535000297,0.10811963688458803
q00108,0.46405161686734153,0.400658765093568,0.527444468641115
q00109,0.46405161686734153,0.400658765093568,0.527444468641115
q00110,0.4597752798828055,0.3921060911244959,0.527444468641115
q00111,0.07591456979179717,0.04887116971840799,0.10295796986518635
q00112,0.07873236839514522,0.05926828586592144,0.09819645092436899
q00113,0.09767450844616384,0.07331416021061504,0.12203485668171263
q00114,0.12409862541929961,0.07816205808896866,0.17003519274963058
q00115,0.1109692268903569,0.0866088786548081,0.1353295751259057
q00116,0.12409862541929961,0.08881328071016481,0.15938397012843442
q00117,0.6311235465629648,0.5402302238627195,0.7220168692632101
q00118,0.4966077268100577,0.4199016128735392,0.5733138407465762
q00119,0.6311235465629648,0.5402302238627195,0.7220168692632101
q00120,0.15110530027764812,0.12647567484766845,0.1757349257076278
q00121,0.15110530027764812,0.1268700881601179,0.17534051239517834
q00122,0.16573590796672477,0.14150069584919456,0.18997112008425499
q00123,0.7652938820544287,0.7065400542624589,0.8240477098463985
q00124,0.9158686976757139,0.8476052874098077,0.9841321079416201
q00125,0.7915244316179704,0.739149560117302,0.8438993031186387
q00126,0.5252736757575804,0.4126240140767373,0.6379233374384236
q00127,0.5252736757575804,0.4126240140767373,0.6379233374384236
q00128,0.7232140927996543,0.5827843947496355,0.8636437908496731
q00129,0.48182770774728934,0.4074645127375368,0.5561909027570419
q00130,0.4708808682948644,0.4146243393646517,0.5271373972250771
q00131,0.464676499870198,0.40190853109928093,0.527444468641115
q00132,0.4583074018252561,0.3846857570873192,0.531929046563193
q00133,0.43546522018079886,0.3882536526086116,0.4826767877529861
q00134,0.42227181154559273,0.3497762863534676,0.4947673367377179
q00135,0.18800946604369972,0.16563310597517972,0.21038582611221973
q00136,0.24996167417407716,0.21750140171195753,0.2824219466361968
q00137,0.18800946604369972,0.16563310597517972,0.21038582611221973
q00138,0.33661073280702747,0.28849126856329155,0.3847301970507634
q00139,0.32039616825992084,0.26042872790881694,0.38036360861102475
q00140,0.3169933904821431,0.29137070952779015,0.34261607143649603
q00141,0.1491409352453305,0.10149244785423159,0.19678942263642943
q00142,0.4377537392250548,0.40041125452962767,0.4750962239204819
q00143,0.4273120816459926,0.3659492086759003,0.4886749546160849
q00144,0.16885126565967654,0.11255465693525056,0.2251478743841025
q00145,0.16885126565967654,0.1464749055911565,0.19122762572819657
q00146,0.16885126565967654,0.1464749055911565,0.19122762572819657
q00147,0.13407674752477453,0.10687163644333858,0.16128185860621047
q00148,0.13330751675554375,0.04799859402812909,0.21861643948295842
q00149,0.13407674752477453,0.10687163644333858,0.16128185860621047
q00150,0.9649152931704083,0.9000672759644599,1.0
q00151,0.9649152931704083,0.9327072468001585,0.997123339540658
q00152,0.9465085767524978,0.914300530382248,0.9787166231227475
q00153,0.3324074757868749,0.26072187865476604,0.4040930729189838
q00154,0.3324074757868749,0.26072187865476604,0.4040930729189838
q00155,0.3324074757868749,0.26072187865476604,0.4040930729189838
q00156,0.8767558097722646,0.8058218048777102,0.9476898146668191
q00157,0.8767558097722646,0.8211294908245025,0.9323821287200268
q00158,0.8767558097722646,0.8058218048777102,0.9476898146668191
q00159,0.1903127699518436,0.13432252413717471,0.24630301576651248
q00160,0.09557958467433952,0.07121923643879072,0.11993993290988833
q00161,0.1903127699518436,0.14872627512002068,0.23189926478366651
q00162,0.14684405522245597,0.12160161134772718,0.17208649909718476
q00163,0.10523986282682016,0.07976174516087722,0.1307179804927631
q00164,0.14105813251127441,0.11230442204860136,0.16981184297394747
q00165,0.7787325265157399,0.7126854737671778,0.8447795792643019
q00166,0.769363495374928,0.7221755374898403,0.8165514532600157
q00167,0.7556682807252938,0.711239242901432,0.8000973185491556
q00168,0.07252581582895007,0.05306173329972629,0.09198989835817384
q00169,0.057275464778572135,0.0051852397684852836,0.10936568978865899
q00170,0.057275464778572135,0.0051852397684852836,0.10936568978865899
q00171,0.08861779744850393,0.06915371491928016,0.1080818799777277
q00172,0.27321040747463704,0.21877544728757162,0.3276453676617025
q00173,0.22083081829679072,0.136102538119456,0.30555909847412543
q00174,0.16885126565967654,0.1464749055911565,0.19122762572819657
q00175,0.16763091077413633,0.14525455070561633,0.19000727084265634
q00176,0.16885126565967654,0.12053864423253988,0.2171638870868132
q00177,0.3642584805222963,0.3269159958268692,0.4016009652177234
q00178,0.4127056540752705,0.3753631693798434,0.4500481387706976
q00179,0.3624801148550418,0.32513763015961467,0.3998225995504689
q00180,0.31735623791421885,0.26172450868500297,0.37298796714343474
q00181,0.30863918353822783,0.2830165025838749,0.3342618644925808
q00182,0.18089604272414106,0.1578414622610619,0.2039506231872202
q00183,0.6800521777453414,0.5574276477832513,0.8026767077074316
q00184,0.6719461561292838,0.5574276477832513,0.7864646644753163
q00185,0.6694433752616531,0.5559259792626728,0.7829607712606333
q00186,0.6899423734808947,0.6416302924487123,0.7382544545130771
q00187,0.7098866561198716,0.620078728284266,0.7996945839554771
q00188,0.6266024361456394,0.5331169296854005,0.7200879426058783
q00189,0.17055490406110285,0.06125380205930314,0.27985600606290256
q00190,0.1727228189211738,0.06558963177944505,0.27985600606290256
q00191,0.1727228189211738,0.06558963177944505,0.27985600606290256
q00192,0.5014850386067041,0.45830692786275884,0.5446631493506494
q00193,0.2913134146740058,0.22503971728632624,0.35758711206168536
q00194,0.49621953824033926,0.4271036838521122,0.5653353926285662
q00195,0.2159599651516515,0.1360795850151788,0.2958403452881242
q00196,0.4742845254458476,0.3915869944638827,0.5569820564278125
q00197,0.2228130857488666,0.1529274346483821,0.2926987368493511
q00198,0.1583001444213272,0.13592378435280716,0.18067650448984723
q00199,0.08582771532745917,0.033056438529936116,0.13859899212498222
q00200,0.08825823896995233,0.03798407872887974,0.13853239921102492
q00201,0.08247464395829526,0.05429446328916315,0.11065482462742737
q00202,0.08636799937506258,0.0597451608726374,0.11299083787748776
q00203,0.08247464395829526,0.03324375264883509,0.13170553526775544
q00204,0.2643451436966949,0.21315788579348272,0.31553240159990703
q00205,0.2850867142161084,0.25452368108749596,0.3156497473447208
q00206,0.2638648666158533,0.22168702706169038,0.30604270617001617
q00207,0.2652707577211145,0.21877544728757162,0.31176606815465746
q00208,0.2632851381934904,0.22714707718632693,0.2994231992006539
q00209,0.2711480008822337,0.21877544728757162,0.32352055447689576
q00210,0.47298999427218213,0.3901238538408852,0.555856134703479
q00211,0.327684602775152,0.24265558821467237,0.4127136173356316
q00212,0.4739831210694023,0.41630095179234555,0.5316652903464592
q00213,0.20269738131852094,0.11880524595902964,0.28658951667801225
q00214,0.20269738131852094,0.11880524595902964,0.28658951667801225
q00215,0.20269738131852094,0.11880524595902964,0.28658951667801225
q00216,0.21545085372875816,0.1720313083240015,0.25887039913351484
q00217,0.324539989068698,0.23905453284477518,0.41002544529262086
q00218,0.21062933490840055,0.17406054861730597,0.24719812119949514
q00219,0.5853710875571863,0.525995379807039,0.6447467953073335
q00220,0.566478999521891,0.4985302931325326,0.6344277059112493
q00221,0.2065023026858453,0.12932770399380195,0.28367690137788865
q00222,0.3940848214285714,0.35363839285714277,0.43453125
q00223,0.4116572851966873,0.3743148005012602,0.44899976989211443
q00224,0.3836722454894711,0.3192175994880271,0.4481268914909151
q00225,0.03241251514932621,0.012133581644665263,0.05269144865398715
q00226,0.035372790168424754,0.01509385666376381,0.0556517236730857
q00227,0.04429587018855766,0.024016936683896713,0.06457480369321861
q00228,0.02771152103393459,0.007432587529273647,0.04799045453859553
q00229,0.06351980281283577,0.048701903800092525,0.07833770182557902
q00230,0.0661348019614407,0.05131690294869745,0.08095270097418394
q00231,0.09947294009110684,0.07511259185555805,0.12383328832665563
q00232,0.09947294009110684,0.07511259185555805,0.12383328832665563
q00233,0.10547702286739472,0.08111667463184591,0.12983737110294352
q00234,0.30868745779045115,0.24382370966331102,0.3735512059175913
q00235,0.30321666441643197,0.23288212291527266,0.3735512059175913
q00236,0.30868745779045115,0.24382370966331102,0.3735512059175913
q00237,0.16573590796672477,0.14335954789820476,0.18811226803524478
q00238,0.17230547701076862,0.14984503681662742,0.19476591720490982
q00239,0.16573590796672477,0.14051361868433443,0.1909581972491151
q00240,0.15115360584785714,0.12789708051512136,0.17441013118059293
q00241,0.1518464174031141,0.12858989207037833,0.1751029427358499
q00242,0.14544045741136324,0.12218393207862746,0.16869698274409903
q00243,0.38528920036446146,0.2913216439721662,0.4792567567567567
q00244,0.3717294925511077,0.31821380374011954,0.4252451813620959
q00245,0.42560710874286733,0.32930847829633253,0.5219057391894022
q00246,0.12168846612129783,0.09843194078856204,0.1449449914540336
q00247,0.12168846612129783,0.07265838061133587,0.1707185516312598
q00248,0.18411932609788342,0.16089677485395296,0.2073418773418139
q00249,0.030858780131771017,0.010579846627110073,0.051137713636431964
q00250,0.039395161625481054,0.01911622812082011,0.059674095130142
q00251,0.039395161625481054,0.01911622812082011,0.059674095130142
q00252,0.4353654173244358,0.3980229326290087,0.4727079020198629
q00253,0.3584069609822221,0.31648527934622545,0.4003286426182187
q00254,0.4254355454387701,0.37274751181729904,0.47812357906024117
q00255,0.17104434939254398,0.1256224150330695,0.21646628375201846
q00256,0.17848327470786743,0.13088540142850477,0.22608114798723009
q00257,0.17848327470786743,0.1405002656637164,0.21646628375201846
q00258,0.30258746192877806,0.2641819571865443,0.3409929666710118
q00259,0.2860391799020091,0.24291169313735156,0.32916666666666666
q00260,0.2915099732760283,0.2315287461068969,0.3514912004451597
q00261,0.9555178360117571,0.918407411153949,0.9926282608695652
q00262,0.9555178360117571,0.918407411153949,0.9926282608695652
q00263,0.9555178360117571,0.918407411153949,0.9926282608695652
q00264,0.16963174611513251,0.12386909543444943,0.2153943967958156
q00265,0.48354143773384706,0.3972757475083057,0.5698071279593884
q00266,0.14737027314955636,0.11945037101102293,0.1752901752880898
q00267,0.07635569655880672,0.05689161402958295,0.0958197790880305
q00268,0.20085424838972865,0.1745548948198279,0.22715360195962941
q00269,0.07161482103238175,0.05215073850315797,0.09107890356160553
q00270,0.11572724315170722,0.07105599668166383,0.16039848962175063
q00271,0.09937006166512895,0.07500971342958015,0.12373040990067774
q00272,0.11572724315170722,0.07105599668166383,0.16039848962175063
q00273,0.06560067250449995,0.05078277349175671,0.0804185715172432
q00274,0.06560067250449995,0.05078277349175671,0.0804185715172432
q00275,0.06560067250449995,0.021626912692396083,0.10957443231660383
q00276,0.17274140560549284,0.15036504553697283,0.19511776567401284
q00277,0.17274140560549284,0.15036504553697283,0.19511776567401284
q00278,0.17274140560549284,0.1242296365859672,0.22125317462501848
q00279,0.18632593414401954,0.15711502754695159,0.2155368407410875
q00280,0.2061178165960697,0.14225618677564622,0.2699794464164932
q00281,0.20644494598284294,0.14482539208597797,0.2680644998797079
q00282,0.3226271444684606,0.2653411050562185,0.37991318388070267
q00283,0.260309833342813,0.19289186733303043,0.32772779935259555
q00284,0.26274947116977476,0.20118663594470046,0.3243123063948491
q00285,0.05643634884280692,0.03751651647193313,0.0753561812136807
q00286,0.05643634884280692,0.03751651647193313,0.0753561812136807
q00287,0.07048149200680727,0.05101740947758349,0.08994557453603105
q00288,0.09103725357445767,0.04706423888186101,0.13501026826705434
q00289,0.17632895578958446,0.08757124743386469,0.26508666414530424
q00290,0.09036417665138075,0.06600382841583194,0.11472452488692955
q00291,0.327713811550955,0.2836169235134327,0.37181069958847734
q00292,0.327713811550955,0.2836169235134327,0.37181069958847734
q00293,0.17274140560549284,0.15036504553697283,0.19511776567401284
q00294,0.6204188521361979,0.5616590977977273,0.6791786064746684
q00295,0.6183700951099194,0.5549851190476192,0.6817550711722196
q00296,0.6183700951099194,0.5549851190476192,0.6817550711722196
q00297,0.9076369731709526,0.8621670908718174,0.9531068554700878
q00298,0.9265562241616698,0.8840114496013085,0.9691009987220311
q00299,0.6405650204905015,0.5952134302094568,0.6859166107715461
q00300,0.14326119318068004,0.09547245730000595,0.19104992906135412
q00301,0.07890461823341412,0.031293429003412816,0.12651580746341543
q00302,0.09968220102039754,0.05832269750419328,0.1410417045366018
q00303,0.1605694994982539,0.1275545310455872,0.19358446795092057
q00304,0.11124217743692245,0.08688182920137366,0.13560252567247125
q00305,0.17883575642807975,0.12529934023951775,0.23237217261664175
q00306,0.749939127796198,0.6658411732152739,0.834037082377122
q00307,0.7782179502725484,0.7371966959215281,0.8192392046235686
q00308,0.749939127796198,0.6658411732152739,0.834037082377122
q00309,0.6883853152118626,0.6032840538313406,0.7734865765923846
q00310,0.7336774836226109,0.6638574660633484,0.8034975011818734
q00311,0.681786330440289,0.5834495277260169,0.7801231331545612
q00312,0.1447542761341086,0.08560580977933403,0.20390274248888318
q00313,0.14452614504249067,0.08570157932308084,0.2033507107619005
q00314,0.14452614504249067,0.11649865383919447,0.17255363624578687
q00315,0.5771884176646838,0.4482790405067405,0.706097794822627
q00316,0.5771884176646838,0.4482790405067405,0.706097794822627
q00317,0.5771884176646838,0.4482790405067405,0.706097794822627
q00318,0.5730758635521297,0.4406713048588039,0.7054804222454555
q00319,0.5933508495934473,0.46905628531664856,0.717645413870246
q00320,0.5771884176646838,0.4482790405067405,0.706097794822627
q00321,0.21418430302392735,0.18788494945402656,0.24048365659382814
q00322,0.1650430964114678,0.1426667363429478,0.1874194564799878
q00323,0.16733377689170598,0.14495741682318597,0.18971013696022598
q00324,0.057844161087994644,0.03968766103635843,0.07600066113963086
q00325,0.0849801952178015,0.043158713846171225,0.12680167658943176
q00326,0.042984147938239216,0.022705214433578272,0.06326308144290016
q00327,0.15650008564585133,0.11543307647132103,0.19756709482038162
q00328,0.07458656730657931,0.0,0.15777045118005634
q00329,0.15650008564585133,0.11543307647132103,0.19756709482038162
q00330,0.7062963288561482,0.6514426656738644,0.761149992038432
q00331,0.7047206986040474,0.6504972875226039,0.7589441096854909
q00332,0.5083415588563898,0.43632897773840407,0.5803541399743755
q00333,0.27869863159731617,0.21760705521339546,0.3397902079812369
q00334,0.2790003733921243,0.21750140171195753,0.34049934507229107
q00335,0.2927661961769344,0.1989383869042775,0.38659400544959127
q00336,0.334573788149303,0.28879043344146316,0.38035714285714284
q00337,0.5166979312276734,0.4459286717652568,0.5874671906900899
q00338,0.5232969159992469,0.41665180342877595,0.6299420285697178
q00339,0.4842160296479084,0.39009451816425933,0.5783375411315574
q00340,0.4758596572766248,0.42314892418780115,0.5285703903654485
q00341,0.48104355753320993,0.40510505863860735,0.5569820564278125
q00342,0.3046159854639985,0.2409777566951682,0.3682542142328288
q00343,0.30039579776314573,0.2747731168087928,0.32601847871749867
q00344,0.28120267068748056,0.2020625316947407,0.3603428096802204
q00345,0.5602893889779916,0.47439887873754155,0.6461798992184418
q00346,0.5550116112002138,0.46884095639057544,0.6411822660098522
q00347,0.5550116112002138,0.46884095639057544,0.6411822660098522
q00348,0.23661514206628237,0.1592963987767075,0.3139338853558572
q00349,0.22697354078200038,0.16183161004431315,0.29211547151968764
q00350,0.19271262554559515,0.1578414622610619,0.2275837888301284
q00351,0.13184101707590037,0.08472733779912393,0.1789546963526768
q00352,0.1420556626917598,0.11023750835080283,0.17387381703271676
q00353,0.15147104513620258,0.10175133241802793,0.20119075785437723
q00354,0.08752326854642427,0.06805918601720048,0.10698735107564805
q00355,0.05564355821691029,0.03814244494760254,0.07314467148621803
q00356,0.07681460947728071,0.05044692179966152,0.10318229715489989
q00357,0.10547702286739472,0.08111667463184591,0.12983737110294352
q00358,0.10828831783638376,0.08392796960083496,0.13264866607193257
q00359,0.08861779744850393,0.06915371491928016,0.1080818799777277
q00360,0.24609440317530212,0.19286758568478657,0.2993212206658177
q00361,0.23913217918738733,0.17894313770895698,0.2993212206658177
q00362,0.26070977592515177,0.21442520265291082,0.3069943491973927
q00363,0.1582159340105739,0.10457992733552295,0.21185194068562485
q00364,0.1573101989836399,0.1349338389151199,0.1796865590521599
q00365,0.1573101989836399,0.10364111872209492,0.2109792792451849
q00366,0.3183527183964259,0.20122254245437177,0.4354828943384801
q00367,0.5767844132041803,0.5445763668339305,0.60899245957443
q00368,0.5767844132041803,0.5445763668339305,0.60899245957443
q00369,0.06636425011251088,0.05154635109976763,0.08118214912525412
q00370,0.06117177393432649,0.046353874921583244,0.07598967294706974
q00371,0.054701983284581396,0.039668027996218186,0.0697359385729446
q00372,0.05694920466921667,0.0,0.1396707149563436
q00373,0.049966558193061825,0.029532000187928356,0.0704011161981953
q00374,0.05694920466921667,0.03986158401184308,0.07403682532659026
q00375,0.6223643737882143,0.48477496483825594,0.7599537827381726
q00376,0.5894784677479458,0.47888888888888886,0.7000680466070026
q00377,0.5894784677479458,0.47888888888888886,0.7000680466070026
q00378,0.20895126590373725,0.1706321952015839,0.2472703366058906
q00379,0.24801538155271635,0.1850202585673636,0.3110105045380691
q00380,0.2587930902480013,0.21276334358721688,0.3048228369087857
q00381,0.5070313436816536,0.3721794224294268,0.6418832649338804
q00382,0.8071056134286656,0.7109391258240362,0.903272101033295
q00383,0.1727414056054929,0.1498827322927082,0.19560007891827758
q00384,0.058724484777699995,0.04390658576495675,0.07354238379044324
q00385,0.058724484777699995,0.04390658576495675,0.07354238379044324
q00386,0.058724484777699995,0.04390658576495675,0.07354238379044324
q00387,0.34142618132285807,0.27639693222006245,0.4064554304256537
q00388,0.34142618132285807,0.27639693222006245,0.4064554304256537
q00389,0.34142618132285807,0.27639693222006245,0.4064554304256537
q00390,0.02771152103393459,0.007432587529273647,0.04799045453859553
q00391,0.02771152103393459,0.007432587529273647,0.04799045453859553
q00392,0.03903784556068224,0.016390741875872743,0.061684949245491734
q00393,0.08563444692165102,0.06617036439242724,0.1050985294508748
q00394,0.06258476071779277,0.021368940542750667,0.10380058089283488
q00395,0.06258476071779277,0.021368940542750667,0.10380058089283488
q00396,0.16922877969911757,0.14685241963059753,0.1916051397676376
q00397,0.15608984409809967,0.13371348402957967,0.17846620416661968
q00398,0.1661134220061658,0.1097183073111971,0.22250853670113452
q00399,0.3816543660734139,0.3375345622119816,0.42577416993484624
q00400,0.3503487180228255,0.29609756256262765,0.4045998734830234
q00401,0.3816543660734139,0.3375345622119816,0.42577416993484624
q00402,0.49131881394980514,0.4462131149125973,0.536424512987013
q00403,0.36583650372934734,0.28856406604040075,0.44310894141829393
q00404,0.49131881394980514,0.4462131149125973,0.536424512987013
q00405,0.08907311928877748,0.043438638698368254,0.1347075998791867
q00406,0.07186075850084664,0.05239667597162286,0.09132484103007041
q00407,0.08907311928877748,0.06147828187263343,0.11666795670492153
q00408,0.19999931802370297,0.1736999644538022,0.22629867159360373
q00409,0.23817793136580476,0.19894909933072213,0.2774067634008874
q00410,0.24609440317530212,0.19286758568478657,0.2993212206658177
q00411,0.12307166385335871,0.09981513852062293,0.1463281891860945
q00412,0.14298033887021838,0.11897771114077271,0.16698296659966405
q00413,0.12147611037957819,0.06951307067523452,0.17343915008392186
q00414,0.02720909804783123,0.0,0.05724518736879716
q00415,0.03360435382200503,0.009414638750772135,0.057794068893237925
q00416,0.02073930739808614,0.00046037389342519497,0.04101824090274708
q00417,0.2664554068680533,0.17256800405588618,0.3603428096802204
q00418,0.2494618768560552,0.1963589460726834,0.302564807639427
q00419,0.2494618768560552,0.187671664056345,0.3112520896557654
q00420,0.4575715157768788,0.38891807510776455,0.5262249564459931
q00421,0.4673465868269123,0.3824862834649134,0.5522068901889112
q00422,0.47347133537600583,0.4191634340573338,0.5277792366946779
q00423,0.999,0.9654325137371226,1.0
q00424,0.999,0.964900976359863,1.0
q00425,0.999,0.964900976359863,1.0
q00426,0.46737406093991557,0.42769961826786007,0.5070485036119711
q00427,0.4689261019589901,0.40471524374727014,0.5331369601707101
q00428,0.47288933034244873,0.4179994239902196,0.5277792366946779
q00429,0.1736969007891895,0.12394895427153493,0.22344484730684408
q00430,0.12094734899583182,0.09769082366309603,0.1442038743285676
q00431,0.06622729210719322,0.025647148406582367,0.10680743580780408
q00432,0.47511734000087735,0.3716072290213627,0.578627450980392
q00433,0.43924478531320277,0.3054460923655361,0.5730434782608694
q00434,0.48857887846241577,0.3527610751752087,0.6243966817496228
q00435,0.1134632507699145,0.04387657132250583,0.18304993021732316
q00436,0.2652886664158673,0.23966598546151432,0.29091134737022023
q00437,0.09167753968964569,0.06371224708737828,0.1196428322919131
q00438,0.23172657355532833,0.16539874415998818,0.2980544029506685
q00439,0.15693268494419887,0.13455632487567887,0.17930904501271888
q00440,0.12468237612392359,0.10142585079118782,0.14793890145665936
q00441,0.43046151294706003,0.333478557253005,0.527444468641115
q00442,0.43334238693688343,0.3392403052326518,0.527444468641115
q00443,0.48088351021742115,0.3823484157836796,0.5794186046511627
q00444,0.6927973428155515,0.5985009079790979,0.787093777652005
q00445,0.6927973428155515,0.5985009079790979,0.787093777652005
q00446,0.7109613240272763,0.6090588978842508,0.8128637501703018
q00447,0.27747678079570703,0.2124355515092622,0.3425180100821519
q00448,0.27747678079570703,0.2124355515092622,0.3425180100821519
q00449,0.27747678079570703,0.2124355515092622,0.3425180100821519
q00450,0.4476852434271156,0.41034275873168846,0.4850277281225427
q00451,0.4697623828405346,0.4316851083983275,0.5078396572827417
q00452,0.4476852434271156,0.41034275873168846,0.4850277281225427
q00453,0.49023300938592484,0.401047414120687,0.5794186046511627
q00454,0.5577640500859538,0.4725572305974316,0.6429708695744759
q00455,0.5396282851416782,0.43981899780558287,0.6394375724777734
q00456,0.09659000771527723,0.06246203493779137,0.1307179804927631
q00457,0.11292881834497498,0.06329223034963996,0.16256540634031
q00458,0.09466773630724047,0.050108917982748,0.13922655463173295
q00459,0.4476852434271156,0.41034275873168846,0.4850277281225427
q00460,0.4489390657729767,0.4115965810775496,0.4862815504684038
q00461,0.4401472711356762,0.38197191675977743,0.49832262551157497
q00462,0.3573626930647118,0.2864748126862157,0.4282505734432079
q00463,0.3365357857882739,0.2883863427370366,0.38468522883951123
q00464,0.3365357857882739,0.2883863427370366,0.38468522883951123
q00465,0.051278516664712503,0.02912348877374784,0.07343354455567716
q00466,0.029982978284162087,0.0,0.07026949971683843
q00467,0.030637466201308233,0.0,0.07092398763398458
q00468,0.2846264131868445,0.2481953734671126,0.3210574529065764
q00469,0.2846264131868445,0.2481953734671126,0.3210574529065764
q00470,0.28635466859157055,0.2481953734671126,0.3245139637160285
q00471,0.184197586954298,0.1577931485058516,0.2106020254027444
q00472,0.17200570425136558,0.12892738519794023,0.21508402330479093
q00473,0.17572765231983384,0.14762555480619866,0.20382974983346902
q00474,0.11351744054907728,0.06032077816496466,0.1667141029331899
q00475,0.16304000335578395,0.10415710883737211,0.22192289787419578
q00476,0.10921204999548649,0.058029840923374224,0.16039425906759874
q00477,0.10156786386293115,0.07720751562738234,0.12592821209847996
q00478,0.19478514946382647,0.115330358215329,0.27423994071232394
q00479,0.18119500613212242,0.12892911007471541,0.23346090218952942
q00480,0.12986377998882734,0.09976601466144891,0.15996154531620577
q00481,0.11321941452399548,0.08354777036669359,0.14289105868129737
q00482,0.24427863437290842,0.190408115120777,0.29814915362503985
q00483,0.3836754803869772,0.32049291691830845,0.4468580438556459
q00484,0.4040635471885916,0.34229294052251247,0.46583415385467075
q00485,0.3836754803869772,0.32123456790123456,0.4461163928727198
q00486,0.46972548742781833,0.3707050159443842,0.5687459589112525
q00487,0.46972548742781833,0.3707050159443842,0.5687459589112525
q00488,0.341844452990736,0.29877613833674566,0.3849127676447264
q00489,0.4445127713124171,0.40717028661699,0.48185525600784423
q00490,0.4609533531155943,0.4236108684201672,0.49829583781102144
q00491,0.45688959740582963,0.4195471127104025,0.49423208210125674
q00492,0.2517877467700044,0.19928975560166645,0.3042857379383423
q00493,0.2517877467700044,0.19928975560166645,0.3042857379383423
q00494,0.13858664660063086,0.1032035066356145,0.1739697865656472
q00495,0.5343218354924302,0.37183159044794767,0.6968120805369127
q00496,0.5237009204597505,0.35617115573142544,0.6912306851880755
q00497,0.5234972186980055,0.35576375220793544,0.6912306851880755
q00498,0.02868829818981513,0.008409364685154186,0.048967231694476074
q00499,0.057049179748917545,0.02912348877374784,0.08497487072408724
q00500,0.03782607953881257,0.017547146034151626,0.058105013043473513
q00501,0.21027375400425793,0.17761082801001105,0.24293667999850482
q00502,0.16626345129700798,0.11737230183136974,0.21515460076264623
q00503,0.2220506098698804,0.15844741815316665,0.28565380158659415
q00504,0.13820384687686607,0.11296508973134405,0.16344260402238808
q00505,0.11673438145988464,0.09347785612714887,0.1399909067926204
q00506,0.13762699776775067,0.11238824062222864,0.1628657549132727
q00507,0.30147871642080454,0.19926283567604153,0.40369459716556755
q00508,0.30147871642080454,0.19926283567604153,0.40369459716556755
q00509,0.5252736757575804,0.4126240140767373,0.6379233374384236
q00510,0.1475322876178692,0.12235677949116036,0.17270779574457806
q00511,0.15497121293319266,0.09743117395791709,0.21251125190846823
q00512,0.12986377998882734,0.09976601466144891,0.15996154531620577
q00513,0.04681742053098624,0.003962663639877385,0.0896721774220951
q00514,0.044552993803575455,0.00018919651335276566,0.08891679109379814
q00515,0.044552993803575455,0.0,0.1224077506946843
q00516,0.40177531340415423,0.34319868426330774,0.4603519425450007
q00517,0.3958955036332939,0.3232073310423826,0.4685836762242052
q00518,0.4123360854364711,0.3232073310423826,0.5014648398305597
q00519,0.09662844549824076,0.07226809726269195,0.12098879373378957
q00520,0.09748124004035569,0.05008905531395953,0.14487342476675186
q00521,0.09748124004035569,0.07312089180480688,0.1218415882759045
q00522,0.37971064000885557,0.31682697443536756,0.4425943055823436
q00523,0.3843625992063492,0.3223015873015873,0.44642361111111106
q00524,0.22296743978357056,0.1939762972077061,0.251958582359435
q00525,0.20209700999191332,0.17579765642201256,0.2283963635618141
q00526,0.19513478600399853,0.16883543243409777,0.2214341395738993
q00527,0.21361572600540396,0.14157765042421377,0.28565380158659415
q00528,0.3326346201079666,0.28292471078460635,0.3823445294313269
q00529,0.23560683844862235,0.20292617432418542,0.2682875025730593
q00530,0.11719345385318251,0.08908506493314972,0.1453018427732153
q00531,0.04735179526578913,0.027072861761128185,0.06763072877045007
q00532,0.04784068181524177,0.02756174831058083,0.06811961531990271
q00533,0.04784068181524177,0.0,0.09614726340820706
q00534,0.3060796702478282,0.279394206078697,0.3327651344169593
q00535,0.29320651079809196,0.26215393358772426,0.32425908800845965
q00536,0.29879864884206525,0.23711318467293413,0.36048411301119637
q00537,0.3051647259834014,0.27954204502904845,0.3307874069377543
q00538,0.3051647259834014,0.27501491177522236,0.3353145401915804
q00539,0.2973757148913116,0.23375160935209155,0.36099982043053164
q00540,0.39761793589003036,0.36027545119460325,0.4349604205854575
q00541,0.39761793589003036,0.36027545119460325,0.4349604205854575
q00542,0.3806672838473316,0.32279558414562204,0.4385389835490412
q00543,0.15670478951048472,0.09830952805497392,0.21510005096599552
q00544,0.15646866273782972,0.09807340128231892,0.21486392419334052
q00545,0.18089604272414106,0.1569878028580283,0.20480428259025382
q00546,0.14460980686861696,0.11883982734932347,0.17037978638791046
q00547,0.16054981646521682,0.13817345639669681,0.18292617653373683
q00548,0.1595204993068674,0.1371441392383474,0.1818968593753874
q00549,0.06262620469306514,0.04780830568032189,0.07744410370580838
q00550,0.06262620469306514,0.04663540439456228,0.078617004991568
q00551,0.06510062089158426,0.013915102617035532,0.11628613916613299
q00552,0.029373815705447184,0.0,0.10477628204030046
q00553,0.025168451783112875,0.004889518278451931,0.04544738528777382
q00554,0.03163824243285797,0.006031297496918775,0.05724518736879716
q00555,0.1044480649674531,0.07869039605127273,0.13020573388363346
q00556,0.10126867475468171,0.05042786157921551,0.1521094879301479
q00557,0.07745022546088638,0.057986142931662606,0.09691430799011017
q00558,0.44029888563711983,0.35963915555177983,0.5209586157224598
q00559,0.3110445357542617,0.2854218547999088,0.33666721670861466
q00560,0.2370504939613972,0.1841135297288145,0.2899874581939799
q00561,0.4323661408302297,0.3333638975487499,0.5313683841117094
q00562,0.3755398497622258,0.31492042264710557,0.43615927687734607
q00563,0.44156566804085773,0.33458340974387185,0.5485479263378437
q00564,0.023582793840674094,0.00330386033601315,0.04386172734533504
q00565,0.02161668245152703,0.0,0.06203018683205924
q00566,0.03303152032715491,0.012752586822493965,0.05331045383181585
q00567,0.18487223487616938,0.15478094357946182,0.21496352617287695
q00568,0.16344970060277583,0.1373472148009618,0.18955218640458987
q00569,0.16344970060277583,0.1100805364141263,0.21681886479142537
q00570,0.626726467481203,0.5833967851099832,0.6700561498524228
q00571,0.4254355454387701,0.388093060743343,0.4627780301341972
q00572,0.6315457783668418,0.5632771994571366,0.699814357276547
q00573,0.23787618957099663,0.1994623759094088,0.27629000323258446
q00574,0.3078377282491577,0.25416829881053105,0.3615071576877844
q00575,0.31765788907421105,0.2920352081198581,0.343280570028564
q00576,0.16444938732898182,0.09072039940152275,0.23817837525644087
q00577,0.16444938732898182,0.09072039940152275,0.23817837525644087
q00578,0.19744121540019838,0.11090809628008753,0.28397433452030924
q00579,0.03949596911935506,0.019217035614694115,0.059774902624016
q00580,0.03949596911935506,0.0,0.08198199739064249
q00581,0.03949596911935506,0.019217035614694115,0.059774902624016
q00582,0.13961645015427754,0.1097257752804908,0.16950712502806428
q00583,0.1072153317477076,0.07481764350843875,0.13961301998697645
q00584,0.1460224101460284,0.11765042361016664,0.17439439668189016
q00585,0.7985586048816571,0.7229049377898482,0.874212271973466
q00586,0.7260834150919957,0.6700472268583378,0.7821196033256536
q00587,0.7442473963037205,0.6767774552456889,0.8117173373617521
q00588,0.07271652216023383,0.053252439631010055,0.0921806046894576
q00589,0.08362991312965697,0.06407752910441404,0.10318229715489989
q00590,0.06905455136753787,0.05423665235479462,0.08387245038028111
q00591,0.08972107074422647,0.06645130361096518,0.11299083787748776
q00592,0.08972107074422647,0.06645130361096518,0.11299083787748776
q00593,0.08972107074422647,0.03855042270761051,0.14089171878084245
q00594,0.14043436661691622,0.09901609789154703,0.1818526353422854
q00595,0.10474891697020969,0.06988481395344293,0.13961301998697645
q00596,0.13927994239122382,0.10133710604331414,0.1772227787391335
q00597,0.051579386511211064,0.029955470061146516,0.07320330296127561
q00598,0.04829608700382461,0.0032446700900596523,0.09334750391758956
q00599,0.04393935003005709,0.017471950343694642,0.07040674971641954
q00600,0.3046159854639985,0.2409777566951682,0.3682542142328288
q00601,0.358378670751436,0.3161849507735584,0.40057239072931355
q00602,0.3046159854639985,0.2409777566951682,0.3682542142328288
q00603,0.6668114380443062,0.5834495277260169,0.7501733483625955
q00604,0.6504574826690527,0.5788980960748953,0.7220168692632101
q00605,0.6661792709803913,0.5858393138456153,0.7465192281151674
q00606,0.7397317019513862,0.6669684941701811,0.8124949097325912
q00607,0.785088382969943,0.7224688871939483,0.8477078787459377
q00608,0.7245077848398949,0.6668959663541362,0.7821196033256536
q00609,0.3227009703075566,0.26574558322679714,0.3796563573883161
q00610,0.3051586997761557,0.23253132874016413,0.3777860708121472
q00611,0.2979723994698968,0.23794014779636766,0.35800465114342594
q00612,0.06808192059753301,0.030208333333333337,0.10595550786173269
q00613,0.03782607953881257,0.0009674562307650861,0.07468470284686005
q00614,0.035484809697542724,0.01520587619288178,0.05576374320220367
q00615,0.8799022391845944,0.803894909016561,0.9559095693526278
q00616,0.8074674438296393,0.7714599089802997,0.8434749786789789
q00617,0.8848995226470715,0.7873157119608097,0.9824833333333333
q00618,0.05758436420210419,0.03776992422654167,0.0773988041776667
q00619,0.0563026744246606,0.007059877728992969,0.10554547112032824
q00620,0.08108683980103419,0.05151885497464101,0.11065482462742737
q00621,0.2855413574512713,0.2481953734671126,0.32288734143542996
q00622,0.28059774996290465,0.23007027449355244,0.33112522543225686
q00623,0.28059774996290465,0.247179906793815,0.31401559313199434
q00624,0.49701875195778333,0.43889011518620547,0.5551473887293612
q00625,0.49701875195778333,0.43889011518620547,0.5551473887293612
q00626,0.5010795116322085,0.44026548568338797,0.5618935375810291
q00627,0.14999918162216475,0.12674265628942896,0.17325570695490053
q00628,0.09851764068718197,0.07415729245163316,0.12287798892273077
q00629,0.0968768699231444,0.07251652168759559,0.1212372181586932
q00630,0.20097013321812487,0.17259868421052632,0.22934158222572343
q00631,0.20097013321812487,0.17259868421052632,0.22934158222572343
q00632,0.12891068506596431,0.09309482267463404,0.1647265474572946
q00633,0.7366153696200051,0.5785434121785824,0.8946873270614277
q00634,0.7541488822113567,0.5743946305195795,0.9339031339031338
q00635,0.7541488822113567,0.5743946305195795,0.9339031339031338
q00636,0.3178756606019438,0.18769576564833207,0.4480555555555555
q00637,0.3783661526624958,0.24738596708152305,0.5093463382434685
q00638,0.26294135381505257,0.22762837531613977,0.29825433231396536
q00639,0.39100940160978725,0.3380041180604853,0.4440146851590892
q00640,0.41033121166357417,0.3517023402209064,0.46896008310624193
q00641,0.3981837374177313,0.3223015873015873,0.47406588753387524
q00642,0.19644434990817616,0.13588753840825202,0.2570011614081003
q00643,0.19255420996235986,0.16625485639245907,0.21885356353226065
q00644,0.20399650876639372,0.1434396972664696,0.26455332026631784
q00645,0.06952126728555907,0.0500571847563353,0.08898534981478284
q00646,0.06809432664628967,0.053276427633546425,0.08291222565903292
q00647,0.06253867162925641,0.04091860958033065,0.08415873367818218
q00648,0.5055975927192582,0.4525493521051831,0.5586458333333333
q00649,0.17345724111891653,0.13723852092852937,0.2096759613093037
q00650,0.46463362190089863,0.4018227751606822,0.527444468641115
q00651,0.8117801122932512,0.7782652707702814,0.845294953816221
q00652,0.8233100550362876,0.7549537534716517,0.8916663566009235
q00653,0.7923336946999124,0.7597727029755036,0.8248946864243213
q00654,0.26668389178434576,0.23898108918199717,0.29438669438669435
q00655,0.26408725337165845,0.20175511060409576,0.3264193961392211
q00656,0.28761339723443513,0.2481953734671126,0.32703142100175764
q00657,0.145030409482522,0.05893142870238287,0.2311293902626611
q00658,0.14532959859077144,0.11765042361016664,0.17300877357137623
q00659,0.14532959859077144,0.11765042361016664,0.17300877357137623
q00660,0.1140742405475653,0.08474452679969136,0.14340395429543926
q00661,0.1327579056201633,0.09669167104935368,0.16882414019097292
q00662,0.15854772618073004,0.11191414990508569,0.2051813024563744
q00663,0.4573107215447154,0.3363287601626016,0.5782926829268292
q00664,0.4573107215447154,0.3363287601626016,0.5782926829268292
q00665,0.45784248885204104,0.3213730640080221,0.59431191369606
q00666,0.4529048877017561,0.3888228864535332,0.5169868889499789
q00667,0.570811146704598,0.5220893943401217,0.6195328990690743
q00668,0.4714340885499723,0.41060436248318877,0.5322638146167559
q00669,0.20422147298738336,0.1779221194174826,0.23052082655728412
q00670,0.20422147298738336,0.14693933751697535,0.26150360845779136
q00671,0.19222219494449577,0.165922841374595,0.21852154851439654
q00672,0.1396545347001817,0.0925470877142866,0.18676198168607677
q00673,0.1523678960296314,0.11316270053823038,0.19157309152103244
q00674,0.13603321647019376,0.11078457433417704,0.16128185860621047
q00675,0.09207493729378562,0.04775230059108288,0.13639757399648836
q00676,0.08542213064097896,0.06595804811175518,0.10488621317020275
q00677,0.09207493729378562,0.06771458905823682,0.11643528552933441
q00678,0.766408332546763,0.7215909090909091,0.8112257560026169
q00679,0.7448884196556853,0.6945614247194677,0.7952154145919029
q00680,0.7601220656221982,0.7048967459324156,0.8153473853119808
q00681,0.19256858647085537,0.10528116687880817,0.27985600606290256
q00682,0.19721644384774006,0.1184230354787314,0.27600985221674873
q00683,0.19834766556719707,0.11683932507149158,0.27985600606290256
q00684,0.3797789592324005,0.32414786967418546,0.43541004879061557
q00685,0.4842160296479084,0.41145000286800426,0.5569820564278125
q00686,0.3797789592324005,0.32414786967418546,0.43541004879061557
q00687,0.25457006582037983,0.21189932896517438,0.2972408026755853
q00688,0.17831413885756514,0.08909074860441496,0.2675375291107153
q00689,0.17967568783860083,0.12586077298130943,0.23349060269589222
q00690,0.08522613268626639,0.05748778798945073,0.11296447738308205
q00691,0.07482468397793306,0.03921887061815228,0.11043049733771383
q00692,0.07482468397793306,0.03921887061815228,0.11043049733771383
q00693,0.0982937413963684,0.0739333931608196,0.1226540896319172
q00694,0.10378594541933059,0.07837602099874465,0.12919586983991654
q00695,0.10446317787773479,0.07638886010132565,0.13253749565414394
q00696,0.2364883086657933,0.1898155427820128,0.2831610745495738
q00697,0.25054140259644,0.15540364324810413,0.3456791619447758
q00698,0.25054140259644,0.21280061300330133,0.2882821921895786
q00699,0.5088646381738037,0.4304565490748802,0.5872727272727272
q00700,0.5299019342110998,0.42221645583478695,0.6375874125874126
q00701,0.535045046912352,0.41501609805303386,0.6550739957716701
q00702,0.2820841409046515,0.19896293339139426,0.36520534841790875
q00703,0.2820841409046515,0.19896293339139426,0.36520534841790875
q00704,0.28806474812965366,0.20880789269736566,0.36732160356194166
q00705,0.15669334164679904,0.12987416974435032,0.18351251354924777
q00706,0.15600053009154208,0.12952897643424477,0.1824720837488394
q00707,0.15791369653233928,0.13144214287504197,0.18438525018963658
q00708,0.4635438201967357,0.42620133550130856,0.5008863048921628
q00709,0.4447149164929395,0.40737243179751237,0.4820574011883666
q00710,0.4447149164929395,0.40737243179751237,0.4820574011883666
q00711,0.11551629454687004,0.06319629558961132,0.16783629350412876
q00712,0.11551629454687004,0.06310906296175332,0.16792352613198674
q00713,0.11768420940694099,0.06655578736516249,0.1688126314487195
q00714,0.10235663542548815,0.03717502782389365,0.16753824302708265
q00715,0.06202581580284666,0.01852231288984728,0.10552931871584605
q00716,0.10071303783936131,0.0763526896038125,0.12507338607491011
q00717,0.07011543783931085,0.05065135531008707,0.08957952036853462
q00718,0.10828831783638376,0.08392796960083496,0.13264866607193257
q00719,0.07796097091319304,0.03630632927567326,0.11961561255071282
q00720,0.8961478433152416,0.8614148463766809,0.9308808402538022
q00721,0.8651368662759078,0.7955459544383346,0.934727778113481
q00722,0.8651368662759078,0.7955459544383346,0.934727778113481
q00723,0.06870375411148213,0.023918207110465578,0.11348930111249869
q00724,0.06590869176982661,0.0,0.14569423877084317
q00725,0.06505589722771168,0.05023799821496844,0.07987379624045493
q00726,0.29573545220722436,0.2385593457241264,0.3529115586903223
q00727,0.31672119333827625,0.2910985123839233,0.3423438742926292
q00728,0.3325118936318319,0.25856835683801016,0.4064554304256537
q00729,0.24971570698684054,0.20084855042027108,0.29858286355341
q00730,0.24971570698684054,0.20084855042027108,0.29858286355341
q00731,0.24971570698684054,0.20084855042027108,0.29858286355341
q00732,0.7033038509360764,0.5986410225840044,0.8079666792881484
q00733,0.6962168772170365,0.5844670751459247,0.8079666792881484
q00734,0.7119880603486257,0.6160094414091031,0.8079666792881484
q00735,0.14413056910854277,0.11861356476049922,0.16964757345658632
q00736,0.13525771511249632,0.10578888276769804,0.1647265474572946
q00737,0.16573590796672477,0.14335954789820476,0.18811226803524478
q00738,0.23282377521424352,0.16980720514036285,0.2958403452881242
q00739,0.189336326764756,0.12971762437780804,0.24895502915170398
q00740,0.19431988691270613,0.16637569454970222,0.22226407927571004
q00741,0.24480557354572977,0.20518220702765683,0.2844289400638027
q00742,0.3051647259834014,0.2758781318041106,0.3344513201626922
q00743,0.3051647259834014,0.24085023930242822,0.36947921266437456
q00744,0.18735766292479133,0.1634008273902153,0.21131449845936737
q00745,0.19431988691270613,0.16637569454970222,0.22226407927571004
q00746,0.18735766292479133,0.16498130285627133,0.20973402299331134
q00747,0.11545514497286963,0.06796066371118353,0.16294962623455572
q00748,0.11545514497286963,0.09109479673732082,0.13981549320841843
q00749,0.11545514497286963,0.06805491615113002,0.16285537379460924
q00750,0.3154366876627487,0.21577409037042922,0.41509928495506815
q00751,0.3203041136307239,0.2512442392820326,0.38936398797941524
q00752,0.3063943511312531,0.23848804476101182,0.3743006575014943
q00753,0.031231367440636842,0.010952433935975898,0.051510300945297786
q00754,0.0581062384233494,0.03797909407665505,0.07823338277004376
q00755,0.03169920805524195,0.0,0.07254573921725829
q00756,0.24161147575736003,0.18398155463349208,0.299241396881228
q00757,0.24020144362898108,0.18257152250511313,0.297831364752849
q00758,0.24805484825813479,0.20518220702765683,0.29092748948861274
q00759,0.5658544142305169,0.47519027484143767,0.6565185536195961
q00760,0.5413465397535686,0.4706448202959831,0.6120482592111541
q00761,0.7037912069521997,0.49078803331691545,0.9167943805874839
q00762,0.15693268494419887,0.13455632487567887,0.17930904501271888
q00763,0.058724484777699995,0.04390658576495675,0.07354238379044324
q00764,0.10633184889096454,0.08197150065541575,0.13069219712651334
q00765,0.10496514411406903,0.05265525530387824,0.15727503292425982
q00766,0.10877382973817755,0.05643486841154047,0.16111279106481463
q00767,0.10877382973817755,0.05643486841154047,0.16111279106481463
q00768,0.42553371597873807,0.3848284510677673,0.46623898088970883
q00769,0.32096912733710636,0.2953464463827534,0.3465918082914593
q00770,0.42553371597873807,0.36580931036391595,0.4852581215935602
q00771,0.39607213635153693,0.33631042389004684,0.455833848813027
q00772,0.21144423399969292,0.18514488042979216,0.23774358756959368
q00773,0.21008268501865723,0.15051694600682722,0.2696484240304872
q00774,0.12524344937271234,0.07916670598903712,0.17132019275638755
q00775,0.12094734899583182,0.09769082366309603,0.1442038743285676
q00776,0.12094734899583182,0.09769082366309603,0.1442038743285676
q00777,0.1826459857960864,0.14828438447152884,0.21700758712064397
q00778,0.1826459857960864,0.12706584939264282,0.23822612219953
q00779,0.1814256309105462,0.14584367470044843,0.21700758712064397
q00780,0.31032944756355574,0.2847067666092028,0.3359521285179087
q00781,0.29947179528115364,0.2403580073170937,0.3585855832452136
q00782,0.3101205332722696,0.2844978523179167,0.33574321422662257
q00783,0.18157252017156345,0.15689185093054964,0.20625318941257725
q00784,0.15693268494419887,0.13455632487567887,0.17930904501271888
q00785,0.18157252017156345,0.15689185093054964,0.20625318941257725
q00786,0.46463362190089863,0.3979926227875097,0.5312746210142876
q00787,0.46463362190089863,0.3979926227875097,0.5312746210142876
q00788,0.4758596572766248,0.42314892418780115,0.5285703903654485
q00789,0.13271164285390388,0.10087481840987123,0.16454846729793654
q00790,0.13149128796836368,0.10087481840987123,0.16210775752685613
q00791,0.09947294009110684,0.07511259185555805,0.12383328832665563
q00792,0.39859855288244705,0.309954737497346,0.48724236826754813
q00793,0.3717257870798669,0.2549343419925778,0.48851723216715603
q00794,0.444536833976928,0.3320916115260435,0.5569820564278125
q00795,0.18346752297897503,0.15959316861613618,0.2073418773418139
q00796,0.19998914483753777,0.173689791267637,0.22628849840743853
q00797,0.20287842047337754,0.16535345751481995,0.24040338343193512
q00798,0.49081501441948194,0.4022114241878012,0.5794186046511627
q00799,0.5280261146433203,0.4166146568088671,0.6394375724777734
q00800,0.4958182001462662,0.43066869319673373,0.5609677070957987
q00801,0.053028559068305364,0.03751651647193313,0.0685406016646776
q00802,0.08693666416322071,0.045908839561891436,0.12796448876455
q00803,0.05694920466921667,0.03986158401184308,0.07403682532659026
q00804,0.17553180816001224,0.15315544809149223,0.19790816822853224
q00805,0.17553180816001224,0.12204933894930126,0.22901427737072322
q00806,0.26203732847255834,0.1289082305787222,0.3951664263663945
q00807,0.07384014166584589,0.04628266686365279,0.10139761646803899
q00808,0.09004473808777333,0.06568438985222452,0.11440508632332214
q00809,0.0768690519859915,0.05055580681708312,0.10318229715489989
q00810,0.17274140560549284,0.11808223374588535,0.22740057746510034
q00811,0.1715210507199526,0.14895325751617267,0.19408884392373255
q00812,0.13149849942863284,0.08947188256689806,0.17352511629036763
q00813,0.13772460911679188,0.1144680837840561,0.16098113444952766
q00814,0.14391699531336,0.11954831208794268,0.1682856785387773
q00815,0.13677217174418085,0.11351564641144507,0.16002869707691664
q00816,0.09470895506307345,0.07034860682752464,0.11906930329862225
q00817,0.09821952869382032,0.05270621552622995,0.1437328418614107
q00818,0.0946790677253422,0.0703187194897934,0.11903941596089099
q00819,0.7716961680334996,0.662850126046409,0.8805422100205902
q00820,0.7657699271180829,0.6464788762358822,0.8850609780002836
q00821,0.7716961680334996,0.662850126046409,0.8805422100205902
q00822,0.11219779339294157,0.06681539006849252,0.15758019671739062
q00823,0.12721783872491682,0.09315381884362317,0.16128185860621047
q00824,0.11292569583577612,0.08856534760022733,0.13728604407132491
q00825,0.07356931670234876,0.05410523417312498,0.09303339923157253
q00826,0.07356931670234876,0.05410523417312498,0.09303339923157253
q00827,0.07271652216023383,0.053252439631010055,0.0921806046894576
q00828,0.8032227023109487,0.7395418119622955,0.8669035926596019
q00829,0.8120771572085691,0.7572507217575363,0.8669035926596019
q00830,0.8213823681266833,0.7758611435937647,0.8669035926596019
q00831,0.19957686450426174,0.1122527876828639,0.2869009413256596
q00832,0.1992330801258239,0.11273408581267685,0.285732074438971
q00833,0.1992330801258239,0.11273408581267685,0.285732074438971
q00834,0.07388928178130882,0.05442519925208505,0.0933533643105326
q00835,0.036087901317639406,0.015808967812978462,0.05636683482230035
q00836,0.036087901317639406,0.015808967812978462,0.05636683482230035
q00837,0.20033133304156706,0.17403197947166626,0.22663068661146785
q00838,0.15762549649945584,0.13524913643093583,0.18000185656797585
q00839,0.2090758318209226,0.18277647825102183,0.23537518539082336
q00840,0.8273513991389144,0.7759893479854313,0.8787134502923976
q00841,0.8273513991389144,0.7759893479854313,0.8787134502923976
q00842,0.8273513991389144,0.7595798889296388,0.89512290934819
q00843,0.7056641617922333,0.6622157006603081,0.7491126229241586
q00844,0.7056641617922333,0.6622157006603081,0.7491126229241586
q00845,0.7056641617922333,0.6622157006603081,0.7491126229241586
q00846,0.12998221746019112,0.10672569212745533,0.1532387427929269
q00847,0.19042380209425142,0.15576518660608524,0.2250824175824176
q00848,0.12998221746019112,0.10672569212745533,0.1532387427929269
q00849,0.20848803971854366,0.16092775198374581,0.2560483274533415
q00850,0.20848803971854366,0.1740393994385825,0.24293667999850482
q00851,0.20659303691113207,0.1702493938237593,0.24293667999850482
q00852,0.5444265195609232,0.4699156746031746,0.6189373645186719
q00853,0.5444265195609232,0.4699156746031746,0.6189373645186719
q00854,0.3836754803869772,0.32123456790123456,0.4461163928727198
q00855,0.9335686181603653,0.8629557006357647,1.0
q00856,0.8167182706973916,0.7569132439037438,0.8765232974910393
q00857,0.9335686181603653,0.8629557006357647,1.0
q00858,0.10547702286739472,0.08111667463184591,0.12983737110294352
q00859,0.10547702286739472,0.05553138051297128,0.15542266522181813
q00860,0.26473843914909156,0.21442520265291082,0.3150516756452723
q00861,0.09448505577225988,0.044769634534337036,0.14420047701018274
q00862,0.08752326854642427,0.06805918601720048,0.10698735107564805
q00863,0.08752326854642427,0.06805918601720048,0.10698735107564805
q00864,0.3930883117503861,0.32414786967418546,0.46202875382658676
q00865,0.4282029608561801,0.3302530870496989,0.5261528346626613
q00866,0.3797789592324005,0.32414786967418546,0.43541004879061557
q00867,0.2647888690978453,0.20471568624555597,0.3248620519501347
q00868,0.2566846378683648,0.21080446809730263,0.302564807639427
q00869,0.2992405517173711,0.2273155651365874,0.37116553829815474
q00870,0.30804849348910585,0.2824258125347529,0.3336711744434588
q00871,0.30804849348910585,0.2824258125347529,0.3336711744434588
q00872,0.30804849348910585,0.2824258125347529,0.3336711744434588
q00873,0.6212310843844134,0.5657356395472988,0.6767265292215281
q00874,0.612138764324863,0.5786691487316753,0.6456083799180508
q00875,0.5817507998364244,0.466510067114094,0.6969915325587548
q00876,0.10885730671142509,0.05661937994096686,0.16109523348188332
q00877,0.08505685376892637,0.06559277123970259,0.10452093629815015
q00878,0.07840404711611972,0.05893996458689594,0.0978681296453435
q00879,0.04761499467881901,0.027336061174158065,0.06789392818347995
q00880,0.04761499467881901,0.027336061174158065,0.06789392818347995
q00881,0.04761499467881901,0.006948374589022574,0.08828161476861544
q00882,0.20097013321812487,0.17259868421052632,0.22934158222572343
q00883,0.19450851301747457,0.161662357576048,0.22735466845890115
q00884,0.1891678306162335,0.1564173652904176,0.22191829594204937
q00885,0.4342732589138773,0.37091942167631403,0.4976270961514406
q00886,0.5232969159992469,0.4459286717652568,0.6006651602332369
q00887,0.4342732589138773,0.39395089285714285,0.47459562497061175
q00888,0.46972548742781833,0.3707050159443842,0.5687459589112525
q00889,0.4801671450068805,0.39158833110250857,0.5687459589112525
q00890,0.465143899301291,0.4001953025712499,0.5300924960313321
q00891,0.3302390264486549,0.23490056142354174,0.425577491473768
q00892,0.17002976780051265,0.0636811929136698,0.2763783426873555
q00893,0.3302390264486549,0.23490056142354174,0.425577491473768
q00894,0.4100081307134743,0.2928788642018715,0.5271373972250771
q00895,0.451321725503842,0.3755060537826068,0.5271373972250771
q00896,0.4100081307134743,0.2928788642018715,0.5271373972250771
q00897,0.272313371904963,0.2371993974328107,0.30742734637711533
q00898,0.2566846378683648,0.21080446809730263,0.302564807639427
q00899,0.27799002948897755,0.2292520768151904,0.3267279821627647
